{"cameraMode":{"drawMode":0,"name":"Shaded","section":"Shading Mode"},"sceneLighting":false,"audioPlay":false,"sceneViewState":{"m_AlwaysRefresh":false,"showFog":true,"showSkybox":true,"showFlares":true,"showImageEffects":true,"showParticleSystems":true,"showVisualEffectGraphs":true,"m_FxEnabled":true},"in2DMode":false,"pivot":{"x":4.235554218292236,"y":40.61703109741211,"z":58.70421600341797},"rotation":{"x":0.26260387897491457,"y":0.02167888544499874,"z":-0.0059853969141840939,"w":0.9645714163780212},"size":83.38356018066406,"orthographic":false}